id,first_name,last_name,email,gender,ip_address
1,Harv,Benedidick,hbenedidick0@altervista.org,Male,18.185.70.158
2,Tito,Stannett,tstannett1@loc.gov,Male,198.51.30.148
3,Isacco,Pundy,ipundy2@buzzfeed.com,Male,122.71.250.197
4,Abie,Maddock,amaddock3@ebay.co.uk,Male,122.224.27.21
5,Welby,Babst,wbabst4@toplist.cz,Male,228.95.233.138
6,Blanche,O'Dowgaine,bodowgaine5@mapy.cz,Female,29.102.134.75
7,Nikita,Shrubb,nshrubb6@ycombinator.com,Male,36.56.218.30
8,Waly,Trodler,wtrodler7@google.de,Female,27.38.26.94
9,Den,Doubrava,ddoubrava8@ycombinator.com,Male,58.172.173.255
10,Alphard,McAline,amcaline9@yellowpages.com,Male,115.28.25.125
11,Ev,Stadding,estaddinga@devhub.com,Male,172.104.37.107
12,Pren,Enos,penosb@sogou.com,Male,254.123.91.36
13,Ray,Slora,rslorac@cnet.com,Female,226.152.148.191
14,Alvy,Selwood,aselwoodd@pen.io,Male,7.42.180.192
15,Gustavo,Clancey,gclanceye@csmonitor.com,Male,197.123.87.2
16,Francene,Cancellor,fcancellorf@hc360.com,Female,19.136.117.0
17,Garrik,Gartin,ggarting@yolasite.com,Male,121.236.183.176
18,Rozamond,Wittleton,rwittletonh@ning.com,Female,98.167.121.133
19,Maxim,Laidler,mlaidleri@howstuffworks.com,Male,3.211.216.176
20,Andrey,Lampbrecht,alampbrechtj@jalbum.net,Male,48.31.116.167
21,Ricky,Davion,rdavionk@ning.com,Male,60.122.150.81
22,Nelli,Rimmington,nrimmingtonl@addthis.com,Female,64.141.59.83
23,Curry,Strafen,cstrafenm@w3.org,Polygender,51.209.32.99
24,Launce,Hoffman,lhoffmann@soundcloud.com,Male,73.170.152.139
25,Royall,Ferrandez,rferrandezo@dion.ne.jp,Male,135.158.35.185
26,Katusha,Worden,kwordenp@patch.com,Female,56.254.131.148
27,Fleur,Beasant,fbeasantq@dmoz.org,Female,82.6.240.50
28,Thorndike,Duxbarry,tduxbarryr@ucoz.com,Male,25.35.155.35
29,Avrit,Beatens,abeatenss@yahoo.co.jp,Female,19.28.131.205
30,Darb,Southward,dsouthwardt@telegraph.co.uk,Female,244.101.40.26
31,Crosby,Skillett,cskillettu@rambler.ru,Male,103.147.73.170
32,Benjamen,Jedrachowicz,bjedrachowiczv@mozilla.org,Genderfluid,161.115.244.41
33,Bink,Mawson,bmawsonw@google.it,Male,111.4.198.120
34,Mab,Schmidt,mschmidtx@facebook.com,Female,52.222.218.136
35,Jaclyn,Brent,jbrenty@vkontakte.ru,Female,204.136.44.152
36,Dalton,Giordano,dgiordanoz@twitpic.com,Polygender,16.64.4.11
37,Sheree,Timmons,stimmons10@ustream.tv,Agender,193.27.27.143
38,Diane,Radish,dradish11@blinklist.com,Female,19.225.248.187
39,Elton,Brinsford,ebrinsford12@constantcontact.com,Male,50.132.170.13
40,Doti,Meriott,dmeriott13@exblog.jp,Female,137.169.14.81
41,Gwennie,Loache,gloache14@mashable.com,Female,234.247.167.58
42,Quintilla,Shurrock,qshurrock15@myspace.com,Female,146.111.30.30
43,Darwin,Drennan,ddrennan16@live.com,Male,38.11.127.62
44,Nike,Flounders,nflounders17@github.com,Female,94.223.126.32
45,Padraig,Rutledge,prutledge18@gnu.org,Male,20.203.27.88
46,Muriel,Purser,mpurser19@mtv.com,Female,89.91.0.5
47,Janean,Cullum,jcullum1a@domainmarket.com,Female,2.203.69.148
48,Michaelina,Connue,mconnue1b@myspace.com,Female,165.183.74.57
49,Bob,Wondraschek,bwondraschek1c@google.com.hk,Male,249.66.4.12
50,Maggee,Espinoy,mespinoy1d@sohu.com,Female,252.49.249.184
51,Miof mela,Ruppeli,mruppeli1e@gravatar.com,Female,192.49.66.212
52,Karoly,Leale,kleale1f@123-reg.co.uk,Female,95.119.147.75
53,Vincents,Grew,vgrew1g@fastcompany.com,Male,16.133.161.26
54,Maryann,Laughren,mlaughren1h@vk.com,Female,46.228.122.10
55,Theodoric,Bliven,tbliven1i@wordpress.com,Male,92.111.12.67
56,Jeanna,Daughtery,jdaughtery1j@cocolog-nifty.com,Female,187.114.184.54
57,Ryley,Spurrier,rspurrier1k@goo.ne.jp,Male,250.168.203.254
58,Carmine,Evers,cevers1l@wp.com,Female,162.150.22.96
59,Rebbecca,St. Louis,rstlouis1m@mapquest.com,Female,158.24.132.37
60,Caryl,Arnaudet,carnaudet1n@elpais.com,Male,203.242.93.163
61,Kenyon,Cuchey,kcuchey1o@dion.ne.jp,Male,145.91.229.128
62,Agretha,Binks,abinks1p@eepurl.com,Female,227.20.209.151
63,Vale,Beams,vbeams1q@buzzfeed.com,Agender,224.175.102.77
64,Cliff,Langman,clangman1r@digg.com,Male,205.131.200.41
65,Hasty,Parsisson,hparsisson1s@qq.com,Male,251.192.19.128
66,Orin,Downes,odownes1t@marriott.com,Male,131.235.148.217
67,Abbey,Rusbridge,arusbridge1u@squidoo.com,Female,164.67.100.117
68,Kristan,Bolter,kbolter1v@mail.ru,Female,151.227.192.111
69,Henry,Cannam,hcannam1w@state.gov,Male,104.16.132.188
70,Mariana,Balhatchet,mbalhatchet1x@dedecms.com,Bigender,148.141.118.69
71,Gavra,Basso,gbasso1y@cmu.edu,Female,194.221.88.9
72,Matthew,Sinnat,msinnat1z@flickr.com,Male,178.149.42.53
73,Ethan,Boustead,eboustead20@state.tx.us,Male,235.5.245.45
74,Richard,Skedge,rskedge21@linkedin.com,Male,56.87.29.208
75,Wernher,Fordham,wfordham22@wiley.com,Male,2.149.229.243
76,Nigel,Pymer,npymer23@wp.com,Agender,173.66.102.128
77,Jessi,Axell,jaxell24@narod.ru,Female,139.13.129.144
78,Martguerita,Tift,mtift25@techcrunch.com,Female,35.126.53.11
79,Gregoor,Harradine,gharradine26@chronoengine.com,Male,179.117.107.87
80,Corabella,Mogra,cmogra27@wikia.com,Female,3.89.196.208
81,Eugenie,Vogl,evogl28@cdbaby.com,Female,46.185.212.234
82,Dacy,Sikora,dsikora29@mediafire.com,Female,197.34.141.140
83,Care,Arrighi,carrighi2a@slashdot.org,Male,40.89.0.140
84,Mayne,Zecchetti,mzecchetti2b@constantcontact.com,Agender,206.38.68.17
85,Randall,Airey,rairey2c@cbc.ca,Male,241.162.255.131
86,Dud,Bedboro,dbedboro2d@chicagotribune.com,Male,80.193.106.64
87,Albert,Tibalt,atibalt2e@uiuc.edu,Male,30.231.134.59
88,Aluin,Labbe,alabbe2f@typepad.com,Male,86.177.173.128
89,Neely,Worsalls,nworsalls2g@nsw.gov.au,Female,126.201.57.211
90,Gris,Childrens,gchildrens2h@freewebs.com,Male,47.92.165.19
91,Carey,Kirkwood,ckirkwood2i@mediafire.com,Female,139.140.252.192
92,Johna,Dunkinson,jdunkinson2j@blogtalkradio.com,Female,3.33.187.9
93,Amalee,Durram,adurram2k@wikimedia.org,Female,54.52.232.151
94,Murdoch,Guihen,mguihen2l@vk.com,Male,108.71.226.216
95,Claudine,Milstead,cmilstead2m@dot.gov,Female,193.252.123.146
96,Vitoria,Margerison,vmargerison2n@narod.ru,Female,130.142.163.93
97,Hamlen,Eadmeades,headmeades2o@canalblog.com,Male,46.85.21.187
98,Herve,Kleinlerer,hkleinlerer2p@sbwire.com,Bigender,162.213.82.208
99,Morie,McGlaughn,mmcglaughn2q@meetup.com,Male,191.164.23.166
100,Leilah,Wilton,lwilton2r@example.com,Non-binary,91.220.76.250
101,Mirabel,Koenraad,mkoenraad2s@netvibes.com,Bigender,28.168.32.110
102,Ulrika,Agutter,uagutter2t@examiner.com,Female,174.253.171.94
103,Dehlia,Kybert,dkybert2u@accuweather.com,Female,226.169.177.209
104,Ethelbert,Grimwade,egrimwade2v@nsw.gov.au,Male,173.182.154.116
105,Katrinka,MacAughtrie,kmacaughtrie2w@oakley.com,Female,17.97.148.85
106,Faunie,Kynsey,fkynsey2x@hc360.com,Female,154.20.48.44
107,Angela,Barrow,abarrow2y@theatlantic.com,Female,125.105.166.198
108,Theodor,Kendred,tkendred2z@microsoft.com,Male,110.135.180.219
109,Penni,Curnock,pcurnock30@answers.com,Female,65.181.128.157
110,Bond,Dennick,bdennick31@1und1.de,Male,215.133.68.15
111,Fredric,Brookwood,fbrookwood32@pen.io,Non-binary,139.108.200.104
112,Sallee,Hache,shache33@japanpost.jp,Female,2.35.90.26
113,Jareb,Craven,jcraven34@is.gd,Male,52.44.82.131
114,Loralyn,Tranckle,ltranckle35@admin.ch,Female,17.131.131.203
115,Sebastien,Hackinge,shackinge36@google.com.br,Male,118.175.114.53
116,Lind,Paszek,lpaszek37@bravesites.com,Female,237.29.93.146
117,Tomas,Streetfield,tstreetfield38@amazon.com,Male,37.158.20.169
118,Gus,O'Carran,gocarran39@free.fr,Male,188.140.172.223
119,Jereme,Giberd,jgiberd3a@weebly.com,Male,81.49.214.135
120,Aveline,Whitehorne,awhitehorne3b@google.com.au,Female,115.171.106.173
121,Xenos,Burns,xburns3c@yale.edu,Male,58.126.238.141
122,Waring,Kezar,wkezar3d@pcworld.com,Male,200.96.247.227
123,Jennie,Linggood,jlinggood3e@ca.gov,Female,185.183.18.55
124,Branden,Dalyiel,bdalyiel3f@typepad.com,Male,172.24.211.208
125,Jammie,Frunks,jfrunks3g@ycombinator.com,Female,216.234.105.22
126,Natka,Gomez,ngomez3h@wisc.edu,Female,116.62.117.204
127,Pinchas,Pringour,ppringour3i@yahoo.co.jp,Male,7.82.216.234
128,Giustina,Janko,gjanko3j@patch.com,Female,206.170.235.204
129,Mace,Sargant,msargant3k@earthlink.net,Male,41.83.14.215
130,Patrizia,Woolpert,pwoolpert3l@adobe.com,Female,245.113.102.122
131,Tabbie,Biggen,tbiggen3m@umich.edu,Male,64.145.252.105
132,Hermann,Vurley,hvurley3n@yelp.com,Male,239.34.250.214
133,Ludovico,Corrigan,lcorrigan3o@mac.com,Male,232.128.245.214
134,Jaquelyn,Jelfs,jjelfs3p@stumbleupon.com,Female,196.37.117.32
135,Chrotoem,Brankley,cbrankley3q@cnn.com,Male,43.132.9.75
136,Tammara,Peizer,tpeizer3r@taobao.com,Female,102.31.138.209
137,Sybilla,McTague,smctague3s@qq.com,Non-binary,122.26.195.220
138,Gale,Eastbrook,geastbrook3t@behance.net,Non-binary,204.25.69.55
139,Pauli,Griston,pgriston3u@foxnews.com,Female,188.99.51.47
140,Pail,Gilgryst,pgilgryst3v@sun.com,Male,108.53.198.16
141,Wesley,Halstead,whalstead3w@shareasale.com,Male,46.125.37.51
142,Boot,Farncombe,bfarncombe3x@ehow.com,Male,89.87.234.240
143,Rheta,Fawlkes,rfawlkes3y@stanford.edu,Female,133.209.124.176
144,Kore,Garbutt,kgarbutt3z@admin.ch,Female,173.122.225.42
145,Anya,Lipscombe,alipscombe40@boston.com,Female,219.25.255.161
146,Corey,MacCardle,cmaccardle41@google.com,Male,222.198.106.138
147,Shawna,Demelt,sdemelt42@bing.com,Female,106.109.211.27
148,Ericha,Connock,econnock43@webs.com,Female,253.197.92.46
149,Collete,Sikora,csikora44@csmonitor.com,Genderqueer,31.32.64.33
150,Ruthanne,Kildale,rkildale45@unblog.fr,Female,30.166.99.242
151,Cathryn,Rudsdell,crudsdell46@zimbio.com,Female,251.125.58.130
152,Xenia,Taylor,xtaylor47@prnewswire.com,Female,80.205.24.213
153,Catlee,Yarker,cyarker48@prweb.com,Female,13.151.83.103
154,Barney,Alleyn,balleyn49@webnode.com,Male,122.78.186.50
155,Estrella,Dodson,edodson4a@china.com.cn,Female,5.224.99.3
156,Welbie,Colquit,wcolquit4b@intel.com,Non-binary,239.3.91.212
157,Chantal,Pindar,cpindar4c@360.cn,Female,129.41.184.186
158,Morse,Igglesden,migglesden4d@networkadvertising.org,Male,6.44.243.58
159,Lesya,Dowda,ldowda4e@hubpages.com,Polygender,255.147.35.20
160,Meyer,Burnside,mburnside4f@pen.io,Male,251.190.209.205
161,Teresa,Stribling,tstribling4g@ucla.edu,Female,230.249.118.130
162,Rozele,Musker,rmusker4h@alibaba.com,Bigender,188.226.102.119
163,Mozes,Gosnold,mgosnold4i@msn.com,Male,195.212.90.157
164,Colby,Englefield,cenglefield4j@newyorker.com,Genderqueer,102.64.125.36
165,Way,Polk,wpolk4k@forbes.com,Male,205.56.25.13
166,Gerick,Broadberry,gbroadberry4l@imageshack.us,Male,62.176.213.43
167,Jania,Welham,jwelham4m@berkeley.edu,Female,71.152.168.211
168,Lizbeth,Kenset,lkenset4n@npr.org,Female,113.55.147.194
169,Nadia,Kelwick,nkelwick4o@yelp.com,Female,152.20.71.47
170,Jacinta,Bonn,jbonn4p@youtube.com,Female,81.195.99.244
171,Kyla,Caudelier,kcaudelier4q@chronoengine.com,Female,85.204.187.211
172,Eberto,Winridge,ewinridge4r@purevolume.com,Male,185.167.92.205
173,Byrle,Telezhkin,btelezhkin4s@shutterfly.com,Male,245.95.8.25
174,Stefa,Aizic,saizic4t@sfgate.com,Female,91.26.184.105
175,Ivonne,McGurk,imcgurk4u@com.com,Female,29.225.70.240
176,Tallou,Haukey,thaukey4v@harvard.edu,Female,99.125.77.36
177,Dolley,Pedrazzi,dpedrazzi4w@so-net.ne.jp,Female,252.29.190.193
178,Gard,Saylor,gsaylor4x@redcross.org,Male,126.47.251.128
179,Romy,Perin,rperin4y@umn.edu,Female,177.236.194.107
180,Brittan,Neubigging,bneubigging4z@livejournal.com,Female,107.88.166.244
181,Eveline,Sturrock,esturrock50@paginegialle.it,Female,31.22.120.252
182,Clem,Spinozzi,cspinozzi51@addtoany.com,Genderfluid,239.225.34.36
183,Sheridan,Newitt,snewitt52@japanpost.jp,Male,143.193.150.144
184,Joelly,Wickmann,jwickmann53@buzzfeed.com,Female,32.122.103.31
185,Prudi,Cardiff,pcardiff54@apple.com,Female,180.20.87.145
186,Jayme,Eliesco,jeliesco55@home.pl,Female,252.129.116.191
187,Shurlocke,Dybald,sdybald56@php.net,Male,54.170.110.35
188,Hodge,Plester,hplester57@kickstarter.com,Male,75.79.172.175
189,Ambur,Cathesyed,acathesyed58@biblegateway.com,Female,90.137.212.240
190,Cyrus,Piecha,cpiecha59@auda.org.au,Male,113.182.248.232
191,Monty,Steuhlmeyer,msteuhlmeyer5a@ucsd.edu,Male,212.61.221.251
192,Aime,Glendza,aglendza5b@so-net.ne.jp,Female,120.177.170.255
193,Larisa,Oxby,loxby5c@imgur.com,Genderfluid,84.231.215.146
194,Shawna,Gerrard,sgerrard5d@fda.gov,Female,156.6.53.94
195,Joachim,Bulbeck,jbulbeck5e@nydailynews.com,Male,101.163.233.115
196,Lucie,Fearick,lfearick5f@privacy.gov.au,Female,126.124.129.93
197,Wilbert,Kohrding,wkohrding5g@blog.com,Male,243.179.27.245
198,Ebony,Mallan,emallan5h@zdnet.com,Female,26.61.96.107
199,Ardene,Battelle,abattelle5i@tinyurl.com,Female,199.175.82.1
200,Zelda,Degli Antoni,zdegliantoni5j@ebay.co.uk,Female,193.111.46.136
201,Ewart,Candelin,ecandelin5k@nps.gov,Male,117.101.134.91
202,Antone,Estcot,aestcot5l@jalbum.net,Male,147.85.176.193
203,Dorella,Wayt,dwayt5m@nifty.com,Female,31.137.156.146
204,Reed,Ivanchenkov,rivanchenkov5n@examiner.com,Male,244.87.127.174
205,Westleigh,Peartree,wpeartree5o@flickr.com,Male,239.98.2.136
206,Hussein,Karadzas,hkaradzas5p@washingtonpost.com,Male,90.208.86.76
207,Boris,Brockie,bbrockie5q@wunderground.com,Male,102.151.16.23
208,Forbes,Eacle,feacle5r@pbs.org,Male,196.68.177.20
209,Jonathon,Mehew,jmehew5s@google.fr,Male,86.73.53.148
210,Delbert,Wheldon,dwheldon5t@de.vu,Male,211.158.189.132
211,Kristo,Shearn,kshearn5u@phoca.cz,Male,254.90.234.39
212,Riccardo,Middell,rmiddell5v@icq.com,Male,204.66.60.105
213,Guenevere,Brymner,gbrymner5w@census.gov,Female,126.195.80.211
214,Jim,Quinion,jquinion5x@so-net.ne.jp,Polygender,47.255.85.134
215,Biddie,Teanby,bteanby5y@nationalgeographic.com,Female,247.118.250.245
216,Marga,Hymas,mhymas5z@spotify.com,Female,177.41.60.243
217,Danita,Gladdish,dgladdish60@sciencedirect.com,Female,120.58.32.157
218,Simone,Fair,sfair61@gov.uk,Female,224.62.125.118
219,Rutger,Fanti,rfanti62@eepurl.com,Male,239.201.15.22
220,Locke,Beetles,lbeetles63@prweb.com,Male,36.19.30.142
221,Hayyim,Wiffler,hwiffler64@domainmarket.com,Male,1.222.172.99
222,Arni,Giovanazzi,agiovanazzi65@oakley.com,Male,213.160.75.137
223,Eduardo,Whiteford,ewhiteford66@biglobe.ne.jp,Male,40.71.162.117
224,Tootsie,Safont,tsafont67@hp.com,Female,18.212.192.155
225,Pierce,Hunnybun,phunnybun68@guardian.co.uk,Male,94.37.145.226
226,Robbie,Sambell,rsambell69@acquirethisname.com,Male,5.165.82.243
227,Smitty,Carville,scarville6a@multiply.com,Male,158.44.206.102
228,Jonas,Vears,jvears6b@fastcompany.com,Male,71.124.9.107
229,Josselyn,Castle,jcastle6c@si.edu,Female,66.217.43.232
230,Alonzo,De Malchar,ademalchar6d@biglobe.ne.jp,Male,181.91.1.247
231,Filia,McCrossan,fmccrossan6e@odnoklassniki.ru,Female,238.96.190.3
232,Cassandra,Skegg,cskegg6f@wufoo.com,Female,90.95.185.217
233,Ave,Tomik,atomik6g@last.fm,Male,78.254.149.14
234,Tann,Ingold,tingold6h@intel.com,Male,197.226.203.31
235,Allister,Ettridge,aettridge6i@reuters.com,Male,92.95.68.184
236,Carson,Elkins,celkins6j@topsy.com,Non-binary,216.8.145.78
237,Beatrice,Omond,bomond6k@meetup.com,Female,196.136.131.44
238,Bale,Idney,bidney6l@com.com,Male,173.175.53.185
239,Ewan,Treharne,etreharne6m@about.com,Male,140.195.218.189
240,Reidar,Teeney,rteeney6n@bigcartel.com,Male,214.145.118.147
241,Moira,Kahen,mkahen6o@hp.com,Female,174.18.246.223
242,Beniamino,Langstaff,blangstaff6p@mayoclinic.com,Male,142.120.52.194
243,Ashley,Matzkaitis,amatzkaitis6q@wufoo.com,Male,26.196.38.96
244,Remington,McKernan,rmckernan6r@bizjournals.com,Male,191.195.111.94
245,Alford,Lambotin,alambotin6s@washingtonpost.com,Male,139.51.235.196
246,Sloane,Blay,sblay6t@oakley.com,Male,151.215.223.156
247,Maighdiln,Bremond,mbremond6u@soup.io,Female,9.110.103.115
248,Libbey,Swepstone,lswepstone6v@gizmodo.com,Genderqueer,158.116.78.201
249,Georgine,Senechault,gsenechault6w@howstuffworks.com,Female,53.90.48.114
250,Warden,Tesoe,wtesoe6x@sciencedaily.com,Male,167.142.235.59
251,Farrand,Doerffer,fdoerffer6y@wikia.com,Female,45.44.13.159
252,Steven,Antognetti,santognetti6z@ucoz.ru,Male,184.251.104.174
253,Stanton,Paddick,spaddick70@sun.com,Male,134.145.32.193
254,Harp,Pomfrey,hpomfrey71@howstuffworks.com,Male,4.167.12.19
255,Hephzibah,Storer,hstorer72@gnu.org,Female,186.214.153.239
256,Cristiano,Gilbeart,cgilbeart73@blogtalkradio.com,Male,109.194.92.246
257,Dannel,Mabbot,dmabbot74@time.com,Male,229.177.188.58
258,Frederic,Keeling,fkeeling75@rambler.ru,Male,231.224.179.151
259,Valerye,Gisbye,vgisbye76@amazonaws.com,Female,117.153.91.6
260,Casey,Tees,ctees77@xinhuanet.com,Male,218.126.13.54
261,Lanna,Hiland,lhiland78@chicagotribune.com,Female,114.32.57.184
262,Tracy,Pabelik,tpabelik79@blogger.com,Male,35.120.138.232
263,Kimble,Britt,kbritt7a@fema.gov,Male,182.46.168.165
264,Gerald,MacDermid,gmacdermid7b@microsoft.com,Male,21.175.80.71
265,Allyn,Sedman,asedman7c@about.me,Polygender,78.249.243.130
266,Al,Woodison,awoodison7d@php.net,Male,228.82.14.231
267,Danny,Matussevich,dmatussevich7e@prlog.org,Male,196.44.244.170
268,Lynna,Glashby,lglashby7f@xrea.com,Female,102.162.234.52
269,Jory,Sotworth,jsotworth7g@posterous.com,Male,34.134.194.146
270,Oliy,Decker,odecker7h@paginegialle.it,Female,191.4.240.26
271,Gnni,Wornum,gwornum7i@adobe.com,Female,75.229.181.150
272,Dmitri,Denkin,ddenkin7j@noaa.gov,Male,183.16.146.202
273,Auberta,Collingwood,acollingwood7k@jiathis.com,Female,140.94.98.96
274,Pernell,Cousens,pcousens7l@pagesperso-orange.fr,Male,216.131.45.209
275,Patrick,Walcar,pwalcar7m@furl.net,Male,254.15.36.93
276,Corabella,Chamney,cchamney7n@1688.com,Female,123.230.209.50
277,Karmen,Lorey,klorey7o@slate.com,Bigender,222.179.39.0
278,Nalani,Girardeau,ngirardeau7p@wsj.com,Female,129.25.222.253
279,Ulrika,Potteridge,upotteridge7q@ow.ly,Female,207.228.61.206
280,Sky,Stollard,sstollard7r@domainmarket.com,Male,189.122.188.113
281,Steffie,Flanigan,sflanigan7s@exblog.jp,Female,212.228.83.40
282,Emlyn,Pennycock,epennycock7t@typepad.com,Male,150.9.20.93
283,Miltie,Dauby,mdauby7u@bing.com,Male,90.182.151.243
284,Ric,Renfree,rrenfree7v@ameblo.jp,Bigender,232.243.116.153
285,Gilberto,Jerams,gjerams7w@purevolume.com,Male,109.146.228.115
286,Gusta,Ishchenko,gishchenko7x@alexa.com,Female,57.32.89.246
287,Venita,Clarabut,vclarabut7y@stanford.edu,Female,212.231.181.138
288,Raymond,Thomlinson,rthomlinson7z@furl.net,Male,96.51.76.88
289,Petr,Flaunier,pflaunier80@meetup.com,Male,113.63.62.148
290,Mathe,Durbann,mdurbann81@networkadvertising.org,Male,187.177.182.205
291,Terrill,O'Howbane,tohowbane82@reference.com,Male,150.106.50.216
292,Kent,Torricella,ktorricella83@netlog.com,Male,146.249.243.178
293,Alfredo,Fullard,afullard84@aboutads.info,Male,53.43.75.13
294,Had,Wincom,hwincom85@indiegogo.com,Male,148.142.33.20
295,Yoshi,O'Dea,yodea86@google.com,Female,58.83.225.155
296,Gaultiero,Bartkiewicz,gbartkiewicz87@theglobeandmail.com,Male,19.1.74.148
297,Caressa,Maase,cmaase88@eventbrite.com,Female,196.218.118.101
298,Sig,Dudney,sdudney89@archive.org,Male,189.109.55.101
299,Bucky,Gladyer,bgladyer8a@ted.com,Male,100.167.210.173
300,Salomon,Minards,sminards8b@businesswire.com,Male,133.110.242.2
301,Lauryn,Tenpenny,ltenpenny8c@lycos.com,Female,16.97.42.231
302,Brandie,Scrase,bscrase8d@house.gov,Female,167.78.45.39
303,Brigida,Botfield,bbotfield8e@csmonitor.com,Female,186.204.55.23
304,Bald,Boyd,bboyd8f@weibo.com,Male,118.156.174.145
305,Gwenette,Tittletross,gtittletross8g@dyndns.org,Female,72.35.186.59
306,Lilllie,Newson,lnewson8h@constantcontact.com,Female,130.145.222.239
307,Cam,Guiton,cguiton8i@baidu.com,Male,45.169.201.171
308,Kandace,Gregoriou,kgregoriou8j@cnet.com,Non-binary,66.116.129.12
309,Hermina,Ruhben,hruhben8k@networksolutions.com,Female,80.205.182.249
310,Remington,Absolon,rabsolon8l@omniture.com,Male,75.25.189.196
311,Ernest,Ticksall,eticksall8m@sakura.ne.jp,Male,95.174.197.38
312,Jessalyn,Burgisi,jburgisi8n@cam.ac.uk,Female,79.86.229.188
313,Elicia,Dallender,edallender8o@toplist.cz,Female,179.92.0.219
314,Yehudi,Kearle,ykearle8p@vistaprint.com,Male,213.50.93.86
315,Giacopo,Espasa,gespasa8q@last.fm,Polygender,194.56.21.212
316,Jess,Liversedge,jliversedge8r@slate.com,Male,56.173.94.20
317,Elwin,Brave,ebrave8s@sun.com,Male,143.57.158.81
318,Sol,Lyste,slyste8t@google.es,Male,169.210.44.102
319,Avrit,Bison,abison8u@nydailynews.com,Female,237.160.90.167
320,Terra,Youd,tyoud8v@odnoklassniki.ru,Female,216.3.140.66
321,Lizbeth,Accombe,laccombe8w@about.com,Female,251.251.180.7
322,Dana,Butting,dbutting8x@go.com,Female,99.255.23.43
323,Konstance,Frith,kfrith8y@xing.com,Female,206.203.64.248
324,Myrvyn,Alderwick,malderwick8z@pcworld.com,Male,8.232.21.18
325,Gizela,Libbe,glibbe90@cdc.gov,Female,92.42.116.253
326,Monte,Makey,mmakey91@friendfeed.com,Male,75.91.249.194
327,Enrica,Sweedy,esweedy92@bloomberg.com,Female,202.143.147.255
328,Dedie,McColl,dmccoll93@taobao.com,Female,196.254.248.189
329,Avril,Hedgeman,ahedgeman94@examiner.com,Female,114.235.66.174
330,Fran,Kitto,fkitto95@people.com.cn,Female,221.143.242.132
331,Danny,Le Fleming,dlefleming96@hibu.com,Male,32.130.64.5
332,Aubrey,Farrell,afarrell97@xing.com,Male,112.139.243.157
333,Brittani,Barkworth,bbarkworth98@ask.com,Female,174.24.13.161
334,Lonny,Shewery,lshewery99@elegantthemes.com,Male,25.35.251.32
335,Dorri,Ruit,druit9a@wikispaces.com,Female,80.237.247.173
336,Che,Laborda,claborda9b@51.la,Male,87.65.102.32
337,Dick,Berge,dberge9c@time.com,Agender,59.155.50.188
338,Hunt,Booler,hbooler9d@businessinsider.com,Male,60.83.206.23
339,Yehudi,Radband,yradband9e@cnet.com,Male,29.148.169.79
340,Elia,Egger,eegger9f@plala.or.jp,Male,151.136.131.248
341,Tamiko,Long,tlong9g@cisco.com,Female,219.61.178.175
342,Keelia,Hacun,khacun9h@skyrock.com,Female,161.196.24.194
343,Cherida,Eates,ceates9i@jugem.jp,Female,255.33.85.148
344,Turner,Edmeades,tedmeades9j@facebook.com,Male,45.180.193.183
345,Pattie,Di Domenico,pdidomenico9k@wordpress.org,Female,227.138.153.133
346,Willey,Somerton,wsomerton9l@barnesandnoble.com,Male,70.143.71.7
347,Nat,Viggars,nviggars9m@dot.gov,Male,112.232.169.204
348,Lavena,Perham,lperham9n@flavors.me,Female,149.89.208.132
349,Vin,Clemits,vclemits9o@irs.gov,Female,180.255.112.60
350,Andrei,Redwin,aredwin9p@domainmarket.com,Female,194.249.169.107
351,Barby,Synan,bsynan9q@marketwatch.com,Female,28.226.197.137
352,Bren,MacGiolla Pheadair,bmacgiollapheadair9r@mit.edu,Male,179.81.191.37
353,Orton,Hazelton,ohazelton9s@comcast.net,Male,85.48.136.34
354,Harlie,Eakley,heakley9t@state.tx.us,Female,155.47.174.87
355,Dag,Stoter,dstoter9u@php.net,Male,187.17.228.69
356,Car,Bruhnicke,cbruhnicke9v@ft.com,Male,167.140.178.228
357,Barnabas,Tape,btape9w@51.la,Male,115.193.106.13
358,Kylen,Pomfrett,kpomfrett9x@amazon.co.uk,Genderqueer,53.254.251.190
359,Jojo,Seivwright,jseivwright9y@techcrunch.com,Female,207.82.29.197
360,Halette,Spawton,hspawton9z@hc360.com,Female,76.100.61.200
361,Rickard,Ruusa,rruusaa0@quantcast.com,Agender,161.180.160.135
362,Vlad,Antognetti,vantognettia1@sphinn.com,Male,210.5.21.88
363,Merissa,Pinsent,mpinsenta2@opera.com,Female,121.220.83.248
364,Ansel,Hudd,ahudda3@wp.com,Male,247.142.111.163
365,Kimble,Robbeke,krobbekea4@ocn.ne.jp,Male,134.16.12.68
366,Gates,Ellick,gellicka5@slate.com,Female,246.211.139.5
367,Baryram,McGuff,bmcguffa6@about.me,Male,206.133.71.145
368,Justen,McTeer,jmcteera7@cocolog-nifty.com,Male,157.234.132.170
369,Carter,Kernoghan,ckernoghana8@posterous.com,Male,211.169.172.18
370,Bord,Breakspear,bbreakspeara9@wordpress.com,Male,238.109.206.222
371,Sal,Cromar,scromaraa@51.la,Female,154.21.105.239
372,Eldin,Hanshaw,ehanshawab@blogtalkradio.com,Male,87.251.180.100
373,Claudio,Griffoen,cgriffoenac@youtu.be,Male,205.97.176.95
374,Panchito,Warin,pwarinad@so-net.ne.jp,Male,58.126.151.149
375,Kev,Saiger,ksaigerae@nationalgeographic.com,Male,42.246.145.36
376,Aldric,Mulderrig,amulderrigaf@hubpages.com,Male,226.42.109.138
377,Tommie,Stenett,tstenettag@latimes.com,Female,31.43.135.40
378,Efren,Clemson,eclemsonah@chron.com,Male,88.218.114.58
379,Ravi,Mazillius,rmazilliusai@people.com.cn,Male,205.128.212.13
380,Urson,Woolen,uwoolenaj@twitpic.com,Male,177.132.33.74
381,Jennifer,Van der Velden,jvanderveldenak@yahoo.co.jp,Female,44.31.181.172
382,Gauthier,Almeida,galmeidaal@sina.com.cn,Male,179.179.131.223
383,Theodor,Risbridge,trisbridgeam@amazon.co.jp,Male,250.194.47.78
384,Greg,Bunstone,gbunstonean@weibo.com,Male,210.98.98.103
385,Veronica,Keston,vkestonao@businesswire.com,Female,251.234.35.203
386,Lida,Clac,lclacap@msn.com,Female,236.77.198.19
387,Randa,Carlesi,rcarlesiaq@wired.com,Female,26.229.2.75
388,Jae,Danes,jdanesar@unesco.org,Male,106.55.98.53
389,Chancey,Bradneck,cbradneckas@theguardian.com,Genderqueer,197.37.187.133
390,Neel,Hannis,nhannisat@stumbleupon.com,Male,121.12.105.32
391,Raquel,Birch,rbirchau@nifty.com,Agender,174.201.157.252
392,Josie,Beeston,jbeestonav@seattletimes.com,Female,253.191.200.7
393,Cullen,Telling,ctellingaw@adobe.com,Male,173.19.221.163
394,Nevin,Gaveltone,ngaveltoneax@statcounter.com,Male,174.197.80.58
395,Lew,Hughman,lhughmanay@wikispaces.com,Male,27.171.119.170
396,Shandeigh,Malletratt,smalletrattaz@last.fm,Female,126.48.68.15
397,Keelia,Blazhevich,kblazhevichb0@furl.net,Female,121.154.58.51
398,Ave,Cancott,acancottb1@wix.com,Male,123.14.84.45
399,Janet,Jaquet,jjaquetb2@liveinternet.ru,Female,210.235.38.65
400,Munroe,Vasyukhichev,mvasyukhichevb3@tinypic.com,Polygender,178.97.97.91
401,Patrizia,Yeats,pyeatsb4@miibeian.gov.cn,Female,31.237.40.203
402,Isidore,Schukert,ischukertb5@google.es,Male,86.110.213.182
403,Lolly,Kynder,lkynderb6@typepad.com,Female,53.239.173.31
404,Sinclair,Empson,sempsonb7@deliciousdays.com,Polygender,181.237.212.138
405,Richmond,Corday,rcordayb8@state.tx.us,Male,175.65.88.138
406,Pammy,Doman,pdomanb9@sphinn.com,Female,127.31.45.203
407,Roth,Fraulo,rfrauloba@creativecommons.org,Male,152.2.206.226
408,Erasmus,MacAnespie,emacanespiebb@wiley.com,Male,116.237.9.53
409,Gene,Ledwidge,gledwidgebc@storify.com,Polygender,46.207.170.38
410,Dal,Widdowfield,dwiddowfieldbd@macromedia.com,Male,212.145.72.77
411,Hildegaard,Fandrich,hfandrichbe@lulu.com,Non-binary,21.87.42.72
412,Claribel,Thorneloe,cthorneloebf@ted.com,Female,163.172.128.221
413,Darwin,Hosten,dhostenbg@redcross.org,Male,212.109.158.100
414,Baxie,Snyder,bsnyderbh@businessinsider.com,Male,255.213.34.178
415,Kelvin,Vyvyan,kvyvyanbi@berkeley.edu,Male,105.19.128.216
416,Stevy,Ibbitson,sibbitsonbj@sohu.com,Male,178.78.125.93
417,Hayes,Greed,hgreedbk@ed.gov,Male,56.24.203.84
418,Pattin,Cloke,pclokebl@cyberchimps.com,Male,201.107.42.54
419,Radcliffe,Latey,rlateybm@eventbrite.com,Male,238.50.244.87
420,Eal,Fowls,efowlsbn@msu.edu,Male,182.108.40.30
421,Clementina,Bortolotti,cbortolottibo@bizjournals.com,Female,110.250.102.13
422,Kimball,Purdey,kpurdeybp@alexa.com,Male,80.253.198.62
423,Kessia,Amps,kampsbq@zimbio.com,Female,218.107.28.55
424,Minerva,Hayzer,mhayzerbr@usa.gov,Female,206.39.45.200
425,Bill,Silverlock,bsilverlockbs@fema.gov,Female,1.233.138.214
426,Leesa,Dadswell,ldadswellbt@nydailynews.com,Female,27.138.235.209
427,Joseito,Christley,jchristleybu@businessinsider.com,Male,66.115.202.248
428,Dari,Thunnercliffe,dthunnercliffebv@google.com,Female,27.51.175.119
429,Chet,Crossgrove,ccrossgrovebw@wikipedia.org,Male,184.210.188.5
430,Wainwright,Shreenan,wshreenanbx@sitemeter.com,Male,167.33.251.222
431,Dane,Lemmen,dlemmenby@digg.com,Male,15.140.97.164
432,Odey,Roggeman,oroggemanbz@slideshare.net,Male,184.164.76.195
433,Pen,Delany,pdelanyc0@cnn.com,Male,46.38.183.107
434,Denny,Crispin,dcrispinc1@epa.gov,Male,10.71.229.199
435,Rodd,Ickovitz,rickovitzc2@nbcnews.com,Male,201.7.28.76
436,Gonzalo,Maw,gmawc3@google.fr,Bigender,16.247.141.172
437,Georgina,Stuehmeier,gstuehmeierc4@so-net.ne.jp,Female,182.175.116.230
438,Marietta,Sidebottom,msidebottomc5@unicef.org,Female,71.67.212.14
439,Kimmie,Keeney,kkeeneyc6@typepad.com,Female,103.190.165.238
440,Gratiana,Mathewson,gmathewsonc7@indiegogo.com,Female,132.5.56.47
441,Anette,Heaselgrave,aheaselgravec8@economist.com,Female,176.110.51.95
442,Othilie,Bister,obisterc9@oaic.gov.au,Female,215.233.129.246
443,Kermit,Spellsworth,kspellsworthca@ycombinator.com,Genderfluid,61.119.74.253
444,Brandais,Spours,bspourscb@wiley.com,Female,31.146.153.107
445,Bret,Grunwall,bgrunwallcc@eventbrite.com,Male,240.207.25.29
446,Abelard,Horning,ahorningcd@behance.net,Male,28.29.152.49
447,Emilie,Tebald,etebaldce@nps.gov,Bigender,84.10.248.238
448,Keenan,Booth,kboothcf@infoseek.co.jp,Male,179.0.46.82
449,Debbie,Jozsef,djozsefcg@hostgator.com,Female,158.206.151.129
450,Donny,Gawke,dgawkech@goodreads.com,Female,65.121.13.69
451,Brig,Olivetta,bolivettaci@etsy.com,Male,35.158.157.185
452,Bambie,Riccardelli,briccardellicj@quantcast.com,Female,110.11.69.202
453,Benny,Issard,bissardck@amazon.co.jp,Male,124.173.148.160
454,Gearard,Walewski,gwalewskicl@archive.org,Male,73.197.138.54
455,Conroy,Dadd,cdaddcm@howstuffworks.com,Male,208.88.37.226
456,Georgi,Josefowicz,gjosefowiczcn@cdbaby.com,Male,241.224.18.146
457,Patrice,Raddish,praddishco@wordpress.org,Male,203.141.17.11
458,Toddie,Hinsch,thinschcp@deliciousdays.com,Male,52.140.1.62
459,Cyrill,Asty,castycq@engadget.com,Male,73.178.143.197
460,Kirk,Postins,kpostinscr@webs.com,Bigender,214.2.204.130
461,Cora,Marvel,cmarvelcs@booking.com,Female,27.212.168.216
462,Cary,Groven,cgrovenct@cnbc.com,Female,226.154.20.162
463,Roobbie,Bolte,rboltecu@reference.com,Female,59.113.101.23
464,Raff,Girogetti,rgirogetticv@usda.gov,Male,125.41.23.32
465,Tish,Siege,tsiegecw@quantcast.com,Female,57.70.13.155
466,Kenny,Chattey,kchatteycx@webmd.com,Male,95.49.31.214
467,Aundrea,Hairon,ahaironcy@pen.io,Female,182.66.202.166
468,Junie,O'Logan,jologancz@dagondesign.com,Bigender,33.216.220.28
469,Sandy,Harfleet,sharfleetd0@icio.us,Female,132.119.38.95
470,Erny,McAlister,emcalisterd1@blog.com,Male,191.83.199.230
471,Douglass,Minet,dminetd2@networksolutions.com,Male,39.112.111.18
472,Brew,Sandys,bsandysd3@usnews.com,Male,6.44.212.33
473,Annis,Fenwick,afenwickd4@sbwire.com,Female,131.127.162.2
474,Barry,Matonin,bmatonind5@sciencedirect.com,Female,129.191.216.25
475,Max,Hanstock,mhanstockd6@stumbleupon.com,Female,178.197.72.98
476,Kahaleel,Ferre,kferred7@i2i.jp,Male,132.180.36.140
477,Bentley,Rawcliffe,brawcliffed8@etsy.com,Male,243.73.187.241
478,Lindon,Wabersich,lwabersichd9@gnu.org,Male,29.119.195.166
479,Danella,Gawn,dgawnda@dmoz.org,Female,95.158.52.97
480,Wayne,Wass,wwassdb@topsy.com,Male,198.133.207.37
481,Prinz,Kopelman,pkopelmandc@wufoo.com,Male,240.50.212.157
482,Patrice,McQueen,pmcqueendd@harvard.edu,Male,218.141.160.56
483,Reiko,Pawlick,rpawlickde@reddit.com,Female,52.114.129.165
484,Lyon,St Quenin,lstquenindf@slate.com,Male,249.60.70.65
485,Murry,Graber,mgraberdg@icq.com,Male,148.2.5.44
486,Sidnee,Lacelett,slacelettdh@apache.org,Genderqueer,144.124.149.202
487,Melissa,Lant,mlantdi@ibm.com,Agender,252.162.156.183
488,Talyah,Casetti,tcasettidj@nifty.com,Female,105.9.211.131
489,Janith,Ibotson,jibotsondk@kickstarter.com,Female,193.77.32.53
490,Wyatan,Honeyghan,whoneyghandl@tamu.edu,Male,210.152.223.83
491,Elijah,Schimonek,eschimonekdm@umich.edu,Male,26.30.80.58
492,Danika,Barkaway,dbarkawaydn@mit.edu,Female,146.142.170.250
493,Reuven,Tiddy,rtiddydo@linkedin.com,Male,85.19.147.207
494,Nanni,Tremelling,ntremellingdp@answers.com,Female,7.211.116.245
495,Huey,Horsey,hhorseydq@dailymail.co.uk,Male,178.11.216.187
496,Ermina,Napper,enapperdr@youtube.com,Female,109.231.112.120
497,Stacee,Kloss,sklossds@4shared.com,Male,83.93.174.215
498,Onfre,Noone,onoonedt@aol.com,Male,143.225.122.129
499,Konstance,Yellep,kyellepdu@archive.org,Female,220.64.99.33
500,Lynn,MacKim,lmackimdv@lycos.com,Female,43.28.71.205
501,Sigvard,Clemerson,sclemersondw@nyu.edu,Male,106.55.47.129
502,Kali,Dysart,kdysartdx@yale.edu,Female,16.127.98.28
503,Dorri,Batter,dbatterdy@eventbrite.com,Genderqueer,108.59.218.4
504,Imogene,Inwood,iinwooddz@unc.edu,Female,15.22.75.72
505,Dale,Comben,dcombene0@mozilla.org,Male,131.230.202.13
506,Hally,Tolwood,htolwoode1@yandex.ru,Female,97.42.156.109
507,Jennine,Rapps,jrappse2@1und1.de,Female,41.193.61.51
508,Findley,McCallam,fmccallame3@skyrock.com,Male,78.204.198.155
509,Ashley,Altoft,aaltofte4@ibm.com,Female,84.233.221.247
510,Maggee,Millin,mmilline5@delicious.com,Female,102.168.141.80
511,Robers,Slayton,rslaytone6@phpbb.com,Male,66.25.226.78
512,Giles,Toupe,gtoupee7@cnn.com,Male,132.170.116.10
513,Jacklin,Frankling,jfranklinge8@answers.com,Female,48.192.136.128
514,Denny,Peers,dpeerse9@harvard.edu,Male,233.183.215.225
515,Kerr,Sandeman,ksandemanea@xing.com,Male,156.107.30.179
516,Morgen,Ofield,mofieldeb@creativecommons.org,Male,13.50.62.29
517,Conant,Kassman,ckassmanec@yellowpages.com,Male,24.61.47.227
518,Laverne,O'Fallowne,lofallowneed@jalbum.net,Female,201.65.187.27
519,Perri,Whetland,pwhetlandee@i2i.jp,Female,44.85.173.53
520,Sancho,Blackden,sblackdenef@mozilla.org,Male,59.24.102.220
521,Waldon,Acomb,wacombeg@home.pl,Male,133.66.123.214
522,Eirena,Lieb,eliebeh@ehow.com,Female,173.239.151.179
523,Jase,Bissiker,jbissikerei@uiuc.edu,Polygender,234.243.172.42
524,Tracey,Driver,tdriverej@statcounter.com,Female,4.67.7.13
525,Shay,Jumont,sjumontek@mozilla.com,Female,31.215.30.111
526,Ruthy,MacTimpany,rmactimpanyel@ihg.com,Female,253.96.234.133
527,Trever,Brownell,tbrownellem@163.com,Male,113.112.17.106
528,Bancroft,Tremmil,btremmilen@scientificamerican.com,Male,29.127.209.152
529,Ellen,Kinkaid,ekinkaideo@list-manage.com,Female,74.185.134.220
530,Anny,Bolderoe,abolderoeep@wired.com,Female,143.174.75.179
531,Ase,Blasing,ablasingeq@apple.com,Male,255.226.37.160
532,Mela,Liveley,mliveleyer@dailymotion.com,Female,33.152.150.245
533,Ericha,Witts,ewittses@com.com,Female,178.88.112.154
534,Hyatt,Treslove,htresloveet@dagondesign.com,Male,169.193.211.139
535,York,Southard,ysouthardeu@prnewswire.com,Male,158.92.54.76
536,Gabbie,Urquhart,gurquhartev@java.com,Male,10.55.68.12
537,Brandie,Prinne,bprinneew@scribd.com,Female,176.41.144.69
538,Ches,Gillaspy,cgillaspyex@icio.us,Male,182.84.210.19
539,Wally,Forrestall,wforrestalley@sina.com.cn,Male,85.215.49.201
540,Cris,Lints,clintsez@yolasite.com,Male,146.78.85.68
541,Simona,Limpertz,slimpertzf0@telegraph.co.uk,Female,93.85.24.157
542,Rosy,Beeres,rbeeresf1@addtoany.com,Female,0.76.31.23
543,Ede,Misson,emissonf2@goo.ne.jp,Female,226.40.48.59
544,Rhiamon,Allbones,rallbonesf3@admin.ch,Female,161.103.52.224
545,Brita,Walwood,bwalwoodf4@miibeian.gov.cn,Female,238.62.23.31
546,Anna,McCluskey,amccluskeyf5@prnewswire.com,Female,16.215.125.242
547,Burr,Bambury,bbamburyf6@diigo.com,Male,211.179.59.93
548,Hali,Skitteral,hskitteralf7@symantec.com,Female,140.12.239.173
549,Burch,Grundwater,bgrundwaterf8@meetup.com,Male,235.39.190.238
550,Jude,Olensby,jolensbyf9@myspace.com,Male,101.157.181.235
551,Ileana,Murname,imurnamefa@wp.com,Female,149.254.106.199
552,Lolly,Nappin,lnappinfb@miibeian.gov.cn,Female,10.221.41.121
553,Evangeline,Farrans,efarransfc@studiopress.com,Female,7.90.232.165
554,Wolf,Grassot,wgrassotfd@nbcnews.com,Male,5.240.231.112
555,La verne,Stoddart,lstoddartfe@vimeo.com,Female,11.34.178.11
556,Mannie,Alleyne,malleyneff@digg.com,Male,97.60.203.70
557,Hephzibah,Abberley,habberleyfg@odnoklassniki.ru,Female,111.155.164.15
558,Sonia,Christophle,schristophlefh@youtube.com,Female,172.20.242.59
559,Dalis,Thomazin,dthomazinfi@berkeley.edu,Male,194.156.229.4
560,Mead,Millichap,mmillichapfj@noaa.gov,Male,5.47.28.56
561,Doria,Linneman,dlinnemanfk@acquirethisname.com,Female,110.48.156.231
562,Marv,Clothier,mclothierfl@ed.gov,Male,6.141.47.111
563,Janenna,Lideard,jlideardfm@diigo.com,Female,193.236.98.232
564,Jaimie,Jilliss,jjillissfn@myspace.com,Female,113.70.24.148
565,Cahra,Brucker,cbruckerfo@rediff.com,Female,34.86.232.253
566,Tome,Whiffen,twhiffenfp@usgs.gov,Male,240.73.25.3
567,Hetty,Tomankowski,htomankowskifq@meetup.com,Female,61.234.33.110
568,Lew,Deesly,ldeeslyfr@statcounter.com,Male,26.223.20.3
569,Briney,Gobel,bgobelfs@fastcompany.com,Female,127.117.245.39
570,Rozina,Delmonti,rdelmontift@army.mil,Female,65.246.78.68
571,Tammara,Blasio,tblasiofu@joomla.org,Female,243.37.231.129
572,Hyacinth,Cholonin,hcholoninfv@eventbrite.com,Female,250.128.168.3
573,Verne,Trimmell,vtrimmellfw@elegantthemes.com,Male,167.80.101.159
574,Preston,Poyle,ppoylefx@cbslocal.com,Male,188.24.106.141
575,Hanni,Gate,hgatefy@t.co,Female,197.99.18.254
576,Frayda,Connochie,fconnochiefz@aboutads.info,Female,41.161.36.81
577,Even,Lammertz,elammertzg0@nps.gov,Male,20.249.115.90
578,Jamill,Scoullar,jscoullarg1@tmall.com,Male,134.235.199.49
579,Page,Nussgen,pnussgeng2@taobao.com,Male,118.147.232.84
580,Bearnard,Janjic,bjanjicg3@china.com.cn,Male,52.193.250.121
581,Sibylla,Ive,siveg4@rakuten.co.jp,Female,253.12.97.244
582,Talbot,Andri,tandrig5@chronoengine.com,Male,110.160.234.141
583,Selig,Lapish,slapishg6@smugmug.com,Male,121.31.5.198
584,Kim,Shemelt,kshemeltg7@soundcloud.com,Male,125.162.108.230
585,Sherlock,Sepey,ssepeyg8@alexa.com,Male,157.68.190.226
586,Christabella,Iskov,ciskovg9@hubpages.com,Female,203.128.252.95
587,Leone,Capp,lcappga@spiegel.de,Female,95.237.36.217
588,Arda,Kemwal,akemwalgb@youtu.be,Female,87.159.52.105
589,Cullie,Giffin,cgiffingc@soup.io,Male,150.237.183.110
590,Rasia,Goodlud,rgoodludgd@ihg.com,Female,72.3.233.97
591,Candra,Winney,cwinneyge@boston.com,Female,65.238.193.209
592,Ynez,Mantle,ymantlegf@flavors.me,Genderqueer,197.154.43.46
593,Frants,Chomicz,fchomiczgg@washingtonpost.com,Male,224.30.11.227
594,Maryl,Sheavills,msheavillsgh@w3.org,Female,20.155.132.70
595,Tiffi,Pell,tpellgi@360.cn,Female,205.90.171.127
596,Marten,Worley,mworleygj@rambler.ru,Male,110.165.111.66
597,Nevil,McFarland,nmcfarlandgk@symantec.com,Male,242.134.196.253
598,Merrill,Feldberger,mfeldbergergl@umich.edu,Polygender,208.30.254.254
599,Deane,Cockshut,dcockshutgm@abc.net.au,Female,109.46.143.188
600,Eadie,Castaner,ecastanergn@tiny.cc,Female,144.176.145.214
601,Clifford,Davidde,cdaviddego@cafepress.com,Non-binary,233.144.150.110
602,Quentin,Reaper,qreapergp@goo.ne.jp,Male,188.82.210.21
603,Karilynn,Kermitt,kkermittgq@1688.com,Bigender,110.117.121.50
604,Cairistiona,Skipworth,cskipworthgr@domainmarket.com,Female,234.26.104.62
605,Aloysius,Futter,afuttergs@tuttocitta.it,Male,34.218.221.76
606,Cele,Turri,cturrigt@mediafire.com,Bigender,186.169.13.230
607,Michaeline,Gionettitti,mgionettittigu@sourceforge.net,Female,162.30.11.245
608,Penrod,Slocumb,pslocumbgv@godaddy.com,Male,17.123.206.106
609,Rosette,Hold,rholdgw@istockphoto.com,Agender,230.223.129.30
610,Maryl,Hugonin,mhugoningx@tiny.cc,Female,42.89.216.225
611,Jacintha,Richford,jrichfordgy@utexas.edu,Female,128.174.157.73
612,Caron,Wem,cwemgz@vimeo.com,Female,52.209.193.107
613,Nisse,Cambridge,ncambridgeh0@utexas.edu,Female,51.109.237.214
614,Arline,Maldin,amaldinh1@buzzfeed.com,Female,227.116.122.209
615,Korney,Cramp,kcramph2@webs.com,Female,222.199.104.7
616,Alexei,Colnett,acolnetth3@latimes.com,Male,100.118.224.23
617,Curran,Impy,cimpyh4@flavors.me,Male,108.117.97.192
618,Dexter,Battin,dbattinh5@walmart.com,Male,111.39.27.51
619,Cammy,Thowless,cthowlessh6@drupal.org,Female,67.183.15.94
620,Zebedee,Mitroshinov,zmitroshinovh7@mapy.cz,Male,199.86.94.153
621,Jeth,Laurenson,jlaurensonh8@yelp.com,Male,40.148.95.62
622,Wildon,Goshawke,wgoshawkeh9@bluehost.com,Bigender,48.179.212.104
623,Hillery,Wloch,hwlochha@google.pl,Bigender,226.198.242.76
624,Ephraim,Waddington,ewaddingtonhb@123-reg.co.uk,Male,223.183.3.250
625,Olia,Daulby,odaulbyhc@ucsd.edu,Female,28.90.181.189
626,Kirsten,Broadnicke,kbroadnickehd@angelfire.com,Female,86.207.41.41
627,Gilemette,La Croce,glacrocehe@berkeley.edu,Bigender,206.54.133.91
628,Franky,McIlwreath,fmcilwreathhf@deviantart.com,Female,78.249.111.202
629,Malynda,Indgs,mindgshg@technorati.com,Female,38.223.128.33
630,Wylie,Delbergue,wdelberguehh@elpais.com,Genderfluid,5.131.253.106
631,Wittie,Jerromes,wjerromeshi@chronoengine.com,Male,144.133.49.224
632,Jarret,Jagson,jjagsonhj@nbcnews.com,Male,15.27.79.195
633,Marthe,Tann,mtannhk@ning.com,Female,92.14.72.99
634,Noreen,Matches,nmatcheshl@discovery.com,Female,173.127.52.162
635,Abraham,Devote,adevotehm@cornell.edu,Male,12.14.33.109
636,Joycelin,Olpin,jolpinhn@miibeian.gov.cn,Female,158.102.113.70
637,Lorinda,Standish,lstandishho@sciencedaily.com,Female,185.214.166.87
638,Dagny,Manby,dmanbyhp@psu.edu,Male,95.108.6.237
639,Maurise,Arnaudin,marnaudinhq@wunderground.com,Female,135.177.145.184
640,Perren,Bartali,pbartalihr@businesswire.com,Male,203.163.205.241
641,Lily,Greenhow,lgreenhowhs@archive.org,Female,93.122.180.145
642,Dolorita,Fifoot,dfifootht@merriam-webster.com,Female,184.16.253.132
643,Pippo,Cronkshaw,pcronkshawhu@howstuffworks.com,Male,222.69.198.20
644,Boonie,Sautter,bsautterhv@alibaba.com,Male,129.56.13.73
645,Antoine,Pettyfar,apettyfarhw@webs.com,Non-binary,241.78.213.156
646,Kelsey,Dedham,kdedhamhx@amazon.co.jp,Male,209.74.223.226
647,Madelena,Farey,mfareyhy@stumbleupon.com,Female,240.0.50.197
648,Irene,Pipet,ipipethz@cdc.gov,Female,83.127.166.27
649,Tab,McGiffin,tmcgiffini0@kickstarter.com,Agender,37.84.85.242
650,Rollo,Huxham,rhuxhami1@ucoz.ru,Male,94.41.98.91
651,Frasco,Jenkerson,fjenkersoni2@go.com,Male,182.19.154.78
652,Clim,Linnit,clinniti3@webeden.co.uk,Male,136.95.41.250
653,Collie,Davidson,cdavidsoni4@guardian.co.uk,Female,38.8.156.119
654,Em,McGhie,emcghiei5@tripod.com,Female,104.60.233.111
655,Emilee,Murcutt,emurcutti6@dailymail.co.uk,Female,14.211.167.110
656,Retha,Guice,rguicei7@disqus.com,Female,215.110.84.216
657,Baldwin,Satchel,bsatcheli8@cnet.com,Male,93.173.109.244
658,Tye,Fairrie,tfairriei9@si.edu,Polygender,68.5.6.232
659,Kylen,Plewright,kplewrightia@wordpress.org,Female,49.234.39.75
660,Cacilie,Standbridge,cstandbridgeib@marriott.com,Female,85.69.130.122
661,Adoree,Coogan,acooganic@gravatar.com,Female,249.179.204.227
662,Dede,Stoffer,dstofferid@netlog.com,Female,176.133.171.172
663,Marian,Saura,msauraie@360.cn,Female,132.97.114.157
664,Friedrich,Plumbley,fplumbleyif@alexa.com,Male,107.112.167.183
665,Gussi,Doxsey,gdoxseyig@google.com.br,Female,234.108.217.203
666,Bronson,Burgne,bburgneih@simplemachines.org,Male,38.224.33.184
667,Charita,Bentham3,cbenthamii@privacy.gov.au,Genderqueer,38.203.196.48
668,Welby,Going,wgoingij@intel.com,Male,121.5.93.148
669,Rolf,Ubee,rubeeik@tripadvisor.com,Male,81.47.119.190
670,Chico,Ragg,craggil@wix.com,Genderfluid,227.176.115.56
671,Cherri,Schutt,cschuttim@washingtonpost.com,Female,172.82.2.220
672,Hedi,Kennard,hkennardin@de.vu,Female,106.135.182.228
673,Johny,Alexsandrovich,jalexsandrovichio@seesaa.net,Male,59.21.21.64
674,Gianna,Chaffey,gchaffeyip@ameblo.jp,Female,241.228.233.242
675,Constantina,Hook,chookiq@zdnet.com,Female,92.213.189.34
676,Lance,Bransom,lbransomir@accuweather.com,Male,136.55.193.13
677,Marmaduke,Devey,mdeveyis@free.fr,Male,146.54.31.46
678,Paolo,Gritsaev,pgritsaevit@weebly.com,Male,35.186.202.121
679,Asa,Radnage,aradnageiu@symantec.com,Male,133.215.150.115
680,Wandie,Kubicek,wkubicekiv@addthis.com,Female,151.248.23.104
681,Torrance,Houchin,thouchiniw@storify.com,Male,173.75.128.170
682,Kevin,Vallis,kvallisix@cdc.gov,Male,12.118.100.215
683,Adelaida,Brocklebank,abrocklebankiy@livejournal.com,Female,226.81.138.221
684,Gardener,Biasio,gbiasioiz@opensource.org,Male,89.155.137.46
685,Phoebe,Feaks,pfeaksj0@stumbleupon.com,Female,61.64.31.66
686,Latrena,Croce,lcrocej1@google.ca,Female,191.55.42.204
687,Sax,Sillwood,ssillwoodj2@sourceforge.net,Male,132.179.45.161
688,Vaughn,Colcomb,vcolcombj3@timesonline.co.uk,Male,28.122.173.148
689,Tildy,Colliber,tcolliberj4@ebay.co.uk,Female,16.138.71.247
690,Hilliard,Antley,hantleyj5@a8.net,Male,69.40.184.216
691,Joete,Davidofski,jdavidofskij6@nbcnews.com,Female,175.27.78.193
692,Ellery,Cadagan,ecadaganj7@washingtonpost.com,Male,192.250.204.155
693,Kingsly,Digger,kdiggerj8@wisc.edu,Male,17.39.97.233
694,Callean,Ciobotaro,cciobotaroj9@yellowpages.com,Male,87.239.19.217
695,Trisha,Soutar,tsoutarja@webs.com,Agender,133.163.92.242
696,Salomo,Fullard,sfullardjb@salon.com,Male,37.125.136.130
697,Zoe,Monnery,zmonneryjc@istockphoto.com,Female,54.53.45.136
698,Junia,Kerrigan,jkerriganjd@nsw.gov.au,Female,237.85.73.185
699,Armand,Lennon,alennonje@istockphoto.com,Bigender,177.2.147.189
700,Constancy,Thomasset,cthomassetjf@illinois.edu,Female,242.39.139.74
701,Devinne,Berkery,dberkeryjg@a8.net,Female,231.42.55.150
702,Gauthier,Rydzynski,grydzynskijh@foxnews.com,Male,247.245.196.213
703,Brock,Lusk,bluskji@cargocollective.com,Male,100.94.43.36
704,Frederick,Anthoin,fanthoinjj@weebly.com,Male,17.197.93.254
705,Hillier,Coggins,hcogginsjk@cisco.com,Male,55.154.132.0
706,Brien,Gopsall,bgopsalljl@comcast.net,Male,235.90.112.36
707,Veronike,Vanyashin,vvanyashinjm@usnews.com,Female,107.102.70.44
708,Fern,Drever,fdreverjn@ucoz.com,Female,159.210.62.90
709,Lucien,Murty,lmurtyjo@twitter.com,Male,31.253.101.38
710,Wilbert,Strode,wstrodejp@ebay.com,Male,149.243.105.3
711,Bayard,Shapero,bshaperojq@icio.us,Male,65.162.145.127
712,Tally,Tregust,ttregustjr@hostgator.com,Non-binary,198.59.95.254
713,Grace,De Giovanni,gdegiovannijs@live.com,Female,158.83.139.165
714,Ravi,Baudi,rbaudijt@exblog.jp,Male,154.146.30.87
715,Denver,McGinley,dmcginleyju@admin.ch,Male,122.29.47.11
716,Davidson,Winters,dwintersjv@imdb.com,Male,73.93.36.78
717,Rufe,Reboul,rrebouljw@china.com.cn,Male,250.74.217.124
718,Trace,Weagener,tweagenerjx@tinyurl.com,Agender,35.48.7.37
719,Yelena,Gairdner,ygairdnerjy@printfriendly.com,Female,131.177.161.74
720,Emelita,Ponten,epontenjz@dagondesign.com,Female,146.20.250.167
721,Dani,Klishin,dklishink0@google.cn,Female,244.189.211.41
722,Julissa,Saveall,jsaveallk1@bravesites.com,Female,196.214.7.102
723,Harwilll,Pleming,hplemingk2@networkadvertising.org,Male,36.198.226.201
724,Theo,Dymocke,tdymockek3@imageshack.us,Female,10.243.178.136
725,Julita,Michell,jmichellk4@toplist.cz,Female,148.194.164.177
726,Nissie,Toohey,ntooheyk5@imgur.com,Female,92.123.102.124
727,Allin,Mycroft,amycroftk6@hibu.com,Male,168.180.217.216
728,Jordan,Mangeot,jmangeotk7@people.com.cn,Female,255.146.133.169
729,Cary,Kindon,ckindonk8@dedecms.com,Female,142.209.172.166
730,Forrest,Conroy,fconroyk9@pinterest.com,Male,204.96.246.143
731,Jefferey,Waddicor,jwaddicorka@yolasite.com,Bigender,172.82.177.155
732,Nonie,Brumbie,nbrumbiekb@xrea.com,Female,42.205.242.117
733,Windham,Flear,wflearkc@soup.io,Male,104.42.93.83
734,Anita,Dun,adunkd@myspace.com,Female,150.243.213.88
735,Addy,Truman,atrumanke@usa.gov,Male,109.237.120.44
736,Osmond,McLanachan,omclanachankf@wix.com,Male,253.27.212.246
737,Bentley,Papps,bpappskg@unc.edu,Male,65.10.44.49
738,Maryjo,Minmagh,mminmaghkh@google.pl,Female,33.30.39.232
739,Merlina,Face,mfaceki@amazon.com,Female,46.220.35.43
740,Shurwood,Jehaes,sjehaeskj@reuters.com,Male,191.22.164.97
741,Lizbeth,Troke,ltrokekk@github.com,Female,52.4.144.51
742,Orlan,Pickston,opickstonkl@blogspot.com,Male,177.10.36.223
743,Rebecca,Gartland,rgartlandkm@disqus.com,Female,217.110.226.192
744,Giulia,Tolley,gtolleykn@nih.gov,Female,5.222.113.60
745,Tamiko,Roly,trolyko@meetup.com,Female,63.11.209.212
746,Chrystal,Brocklehurst,cbrocklehurstkp@ebay.co.uk,Female,130.48.23.144
747,Joey,MacElane,jmacelanekq@newsvine.com,Female,40.153.194.121
748,Adelaida,Tregensoe,atregensoekr@harvard.edu,Female,168.155.119.232
749,Odetta,Rapkins,orapkinsks@phpbb.com,Female,12.78.208.38
750,Angel,Pasfield,apasfieldkt@reddit.com,Female,135.225.120.135
751,Mirabelle,Winchester,mwinchesterku@merriam-webster.com,Female,86.40.14.179
752,Towny,Everist,teveristkv@go.com,Male,177.130.56.145
753,Gwenneth,Perch,gperchkw@wordpress.com,Female,3.38.29.164
754,Dene,Normand,dnormandkx@statcounter.com,Male,133.177.114.219
755,Gene,Osichev,gosichevky@hatena.ne.jp,Male,131.230.195.33
756,Korrie,Walder,kwalderkz@dagondesign.com,Non-binary,127.174.242.145
757,Malva,Prettyman,mprettymanl0@wikipedia.org,Female,44.130.0.6
758,Fransisco,Chettle,fchettlel1@adobe.com,Male,77.146.87.156
759,Munmro,Ortelt,morteltl2@hexun.com,Male,173.53.196.155
760,Alick,Cormode,acormodel3@gnu.org,Male,171.197.113.143
761,Marylou,Neillans,mneillansl4@unc.edu,Female,62.227.193.228
762,Lenette,Follows,lfollowsl5@mashable.com,Female,107.41.212.90
763,Euphemia,Klais,eklaisl6@ezinearticles.com,Female,86.193.78.113
764,Jay,Wolfarth,jwolfarthl7@360.cn,Male,76.6.135.97
765,Aline,Fortune,afortunel8@cocolog-nifty.com,Female,110.116.69.144
766,Tommie,Malmar,tmalmarl9@go.com,Female,161.215.194.155
767,Genia,Dosedale,gdosedalela@youtu.be,Female,179.173.143.239
768,Adora,Gammon,agammonlb@digg.com,Female,74.44.42.29
769,Carmelina,Texton,ctextonlc@typepad.com,Female,80.179.113.123
770,Rudiger,Cromblehome,rcromblehomeld@whitehouse.gov,Male,86.202.125.152
771,Wallis,Hamner,whamnerle@com.com,Male,85.172.174.68
772,Thadeus,Kleynermans,tkleynermanslf@4shared.com,Male,103.103.192.53
773,Coretta,Greyes,cgreyeslg@nyu.edu,Female,124.94.253.241
774,Yorke,Loveridge,yloveridgelh@lulu.com,Male,196.189.46.144
775,Roley,Bagley,rbagleyli@icio.us,Male,133.234.0.136
776,Jabez,Strelitz,jstrelitzlj@marketwatch.com,Polygender,104.133.57.140
777,Camala,Ohanessian,cohanessianlk@friendfeed.com,Female,12.187.192.205
778,Gert,Botly,gbotlyll@cargocollective.com,Female,76.129.221.135
779,Janeen,Walthall,jwalthalllm@loc.gov,Female,163.249.233.249
780,Charyl,Valenta,cvalentaln@godaddy.com,Female,8.174.97.50
781,Cathi,Freckleton,cfreckletonlo@ft.com,Female,226.154.33.94
782,Elly,Towl,etowllp@mit.edu,Female,106.214.92.181
783,Helenelizabeth,Sturman,hsturmanlq@hibu.com,Female,224.18.238.98
784,Emanuel,Spollen,espollenlr@telegraph.co.uk,Male,181.144.155.197
785,Randolph,Filliskirk,rfilliskirkls@narod.ru,Male,107.6.189.16
786,Bernadina,Chadderton,bchaddertonlt@sbwire.com,Female,25.234.189.61
787,Justino,Greensall,jgreensalllu@newyorker.com,Male,43.63.48.66
788,Bevin,Shurlock,bshurlocklv@ow.ly,Male,253.32.13.144
789,Manya,Burbridge,mburbridgelw@a8.net,Female,140.31.160.152
790,Isabelle,Fossick,ifossicklx@disqus.com,Female,115.127.155.114
791,Bert,Kneaphsey,bkneaphseyly@cornell.edu,Polygender,68.187.61.248
792,Bellina,Corkell,bcorkelllz@ask.com,Female,222.171.157.41
793,Dicky,Peevor,dpeevorm0@telegraph.co.uk,Male,36.130.203.248
794,Patrica,Simeone,psimeonem1@infoseek.co.jp,Female,162.141.69.40
795,Winne,Mugglestone,wmugglestonem2@loc.gov,Female,94.62.106.219
796,Corena,Carolan,ccarolanm3@samsung.com,Genderqueer,221.191.176.14
797,Clarisse,Scones,csconesm4@ca.gov,Female,146.60.226.78
798,Bendite,Gionettitti,bgionettittim5@4shared.com,Female,242.80.28.60
799,Bob,Faireclough,bfairecloughm6@angelfire.com,Male,78.154.17.74
800,Antonietta,Brient,abrientm7@bloglovin.com,Female,214.80.83.224
801,Henri,Jorcke,hjorckem8@wunderground.com,Genderfluid,202.46.188.120
802,Zara,Housley,zhousleym9@cnet.com,Female,14.39.70.127
803,Vallie,Widdowfield,vwiddowfieldma@bizjournals.com,Female,158.42.48.171
804,Tybi,Delouch,tdelouchmb@sun.com,Female,29.11.226.131
805,Itch,Pettie,ipettiemc@dailymail.co.uk,Male,126.145.106.144
806,Freddi,Surridge,fsurridgemd@gravatar.com,Female,50.246.198.53
807,Bowie,Wade,bwademe@tumblr.com,Male,4.254.105.22
808,Micheline,Mylchreest,mmylchreestmf@posterous.com,Bigender,141.203.46.196
809,Garry,Guerro,gguerromg@google.com,Male,169.35.120.134
810,Lexie,Pudge,lpudgemh@prnewswire.com,Female,147.245.24.189
811,Thelma,Toyne,ttoynemi@japanpost.jp,Female,139.39.121.176
812,Richardo,Korejs,rkorejsmj@rakuten.co.jp,Male,34.96.118.30
813,Davide,Burburough,dburburoughmk@reference.com,Male,149.164.148.254
814,Rafa,O'Kynsillaghe,rokynsillagheml@addthis.com,Female,115.77.192.54
815,Katleen,Slayny,kslaynymm@bloglines.com,Female,229.22.83.158
816,Petunia,Irwin,pirwinmn@feedburner.com,Female,199.228.137.113
817,Lemar,Trevithick,ltrevithickmo@mozilla.org,Male,49.193.36.201
818,Hermon,Tierny,htiernymp@whitehouse.gov,Male,250.84.13.169
819,Verge,Mobberley,vmobberleymq@fastcompany.com,Male,232.221.252.153
820,Edan,Birchill,ebirchillmr@addtoany.com,Male,144.227.102.79
821,Dreddy,Frake,dfrakems@acquirethisname.com,Female,179.42.62.44
822,Dino,Loding,dlodingmt@europa.eu,Male,120.154.131.95
823,Meggie,Nettles,mnettlesmu@tripod.com,Female,86.220.130.109
824,Caitrin,Grote,cgrotemv@whitehouse.gov,Female,139.192.42.175
825,Frasco,Chivers,fchiversmw@nhs.uk,Male,148.175.110.164
826,Kara-lynn,Carrivick,kcarrivickmx@ted.com,Female,241.52.255.70
827,Bee,Lutton,bluttonmy@51.la,Female,228.34.247.123
828,Ingaberg,Durden,idurdenmz@opera.com,Female,47.186.237.197
829,Clerkclaude,Pizzey,cpizzeyn0@ebay.co.uk,Male,154.196.73.3
830,Sanford,Lashley,slashleyn1@smh.com.au,Male,132.196.191.151
831,Ameline,Kluge,aklugen2@joomla.org,Female,159.167.155.239
832,Olenka,Girvan,ogirvann3@nih.gov,Female,243.238.174.207
833,Wilona,Paddefield,wpaddefieldn4@myspace.com,Female,179.66.213.252
834,Fifi,MacCrachen,fmaccrachenn5@ustream.tv,Female,164.164.59.3
835,Cheryl,Cooke,ccooken6@qq.com,Female,117.82.175.215
836,Gilli,Mudle,gmudlen7@slideshare.net,Female,206.223.44.89
837,Georgianna,Francescozzi,gfrancescozzin8@examiner.com,Female,170.3.77.21
838,Koressa,Dranfield,kdranfieldn9@apple.com,Female,230.94.28.69
839,Pippy,Garshore,pgarshorena@ucoz.com,Female,149.35.164.66
840,Brandon,McWilliam,bmcwilliamnb@wp.com,Male,68.159.64.144
841,Stearn,Pennoni,spennoninc@privacy.gov.au,Male,101.133.74.159
842,Cyrill,Shanks,cshanksnd@amazon.co.jp,Male,131.171.206.238
843,Frederica,Dwyr,fdwyrne@free.fr,Female,218.66.181.15
844,Olag,Cutler,ocutlernf@about.me,Male,173.168.79.61
845,Crysta,Barlthrop,cbarlthropng@t-online.de,Female,177.125.221.134
846,Travers,Canny,tcannynh@t.co,Male,155.232.71.23
847,Farrand,Labrow,flabrowni@webs.com,Female,231.153.6.190
848,Tobit,Josskovitz,tjosskovitznj@1und1.de,Male,244.113.75.126
849,Hermy,Corradeschi,hcorradeschink@vinaora.com,Male,152.233.68.171
850,Andriana,Decayette,adecayettenl@comsenz.com,Female,220.79.73.56
851,Even,Gannaway,egannawaynm@ezinearticles.com,Male,134.35.233.84
852,Dagmar,Dewhurst,ddewhurstnn@e-recht24.de,Female,215.47.131.233
853,Allan,Librey,alibreyno@ucla.edu,Male,60.242.189.173
854,Tabbi,Enrique,tenriquenp@imageshack.us,Female,103.142.13.198
855,Ancell,Redihalgh,aredihalghnq@archive.org,Male,172.110.17.229
856,Alikee,Durkin,adurkinnr@marketwatch.com,Female,82.233.219.167
857,Winnie,Lloyds,wlloydsns@google.it,Male,52.171.228.178
858,Even,Insall,einsallnt@cyberchimps.com,Male,220.145.108.109
859,Pooh,Smythin,psmythinnu@cbc.ca,Male,63.55.45.141
860,Fredra,Spyvye,fspyvyenv@woothemes.com,Female,69.68.60.20
861,Aristotle,Odlin,aodlinnw@people.com.cn,Male,130.144.213.145
862,Alvira,Percy,apercynx@blog.com,Female,94.183.165.213
863,Raymund,Von Brook,rvonbrookny@hud.gov,Male,90.68.106.69
864,Derrek,Have,dhavenz@google.es,Non-binary,150.227.75.224
865,Dion,Ebbles,debbleso0@time.com,Female,64.9.116.173
866,Rad,MacKay,rmackayo1@photobucket.com,Male,155.243.142.172
867,Jackie,Pigrome,jpigromeo2@fotki.com,Male,178.215.181.44
868,Celisse,Blaszkiewicz,cblaszkiewiczo3@epa.gov,Female,155.154.124.44
869,Teodoor,Fordy,tfordyo4@who.int,Male,60.190.206.69
870,Bari,Clerc,bclerco5@fema.gov,Female,101.190.226.7
871,Joshua,MacBarron,jmacbarrono6@phoca.cz,Male,114.217.35.79
872,Darby,Castelletti,dcastellettio7@ibm.com,Agender,89.165.100.63
873,Valery,Punshon,vpunshono8@stanford.edu,Female,0.88.92.163
874,Blithe,Morffew,bmorffewo9@cnn.com,Female,232.117.90.136
875,Boote,Sarney,bsarneyoa@google.es,Male,80.53.206.252
876,Bartholemy,Sulland,bsullandob@shop-pro.jp,Male,193.204.164.125
877,Trev,Pindell,tpindelloc@linkedin.com,Male,76.141.92.25
878,Wendel,Texton,wtextonod@cnet.com,Male,120.197.166.240
879,Bernardo,Barrell,bbarrelloe@un.org,Male,188.160.163.105
880,Prentiss,Strother,pstrotherof@symantec.com,Male,124.210.95.119
881,Lyda,Phelipeaux,lphelipeauxog@yale.edu,Non-binary,96.220.206.97
882,Berry,Polfer,bpolferoh@pen.io,Female,190.198.4.176
883,Vevay,Preene,vpreeneoi@sitemeter.com,Female,218.224.128.207
884,Urbanus,Casini,ucasinioj@elpais.com,Male,110.170.8.204
885,Barnie,Gallamore,bgallamoreok@bloglines.com,Male,216.29.57.152
886,Mead,Beardsley,mbeardsleyol@washingtonpost.com,Female,224.189.119.238
887,Celestina,Kubicek,ckubicekom@illinois.edu,Female,130.44.87.67
888,Eberto,Bearne,ebearneon@tmall.com,Male,127.176.233.15
889,Jacquelyn,Gadsby,jgadsbyoo@issuu.com,Female,49.205.217.138
890,Scotty,Urvoy,survoyop@domainmarket.com,Male,229.17.241.212
891,Quintana,Aberhart,qaberhartoq@reuters.com,Female,51.255.206.92
892,Mattie,Coplestone,mcoplestoneor@vk.com,Genderfluid,37.186.121.221
893,Selby,Laborde,slabordeos@themeforest.net,Male,64.56.189.251
894,Cathee,Pitrollo,cpitrolloot@senate.gov,Non-binary,123.243.182.120
895,Rodger,Alyoshin,ralyoshinou@g.co,Male,76.238.250.252
896,Agna,McKinnon,amckinnonov@businessinsider.com,Female,195.186.162.164
897,Paddy,Cecely,pcecelyow@eepurl.com,Male,38.169.85.116
898,Errick,Linguard,elinguardox@posterous.com,Male,137.126.202.104
899,Elfrieda,Crighton,ecrightonoy@nih.gov,Agender,83.231.213.19
900,Marrissa,Fulloway,mfullowayoz@bigcartel.com,Female,129.147.237.189
901,Nady,Dassindale,ndassindalep0@seattletimes.com,Genderfluid,41.211.102.65
902,Diena,Rizzello,drizzellop1@geocities.jp,Female,101.28.241.101
903,Atlante,Brabon,abrabonp2@technorati.com,Female,65.207.151.70
904,Lillis,Maunders,lmaundersp3@meetup.com,Female,167.73.190.21
905,Rriocard,Hulmes,rhulmesp4@odnoklassniki.ru,Male,57.196.48.248
906,Salem,Tzuker,stzukerp5@yolasite.com,Male,108.156.85.75
907,Martelle,Tune,mtunep6@vinaora.com,Female,230.119.156.77
908,Reina,MacMearty,rmacmeartyp7@ucsd.edu,Female,208.190.76.4
909,Chas,Szantho,cszanthop8@va.gov,Male,6.209.246.103
910,Robbi,Gebuhr,rgebuhrp9@hhs.gov,Female,81.73.240.242
911,Norene,Waulker,nwaulkerpa@wikimedia.org,Female,75.201.205.111
912,Fletcher,Wilsey,fwilseypb@foxnews.com,Genderfluid,151.77.165.195
913,Ardeen,Rhubottom,arhubottompc@blogspot.com,Female,43.233.100.163
914,Cymbre,Ryce,crycepd@miibeian.gov.cn,Female,180.66.138.111
915,Melloney,De Bischop,mdebischoppe@xrea.com,Polygender,32.216.226.221
916,Barrie,Andover,bandoverpf@yahoo.co.jp,Male,32.21.204.204
917,Kessia,Cardero,kcarderopg@webs.com,Female,144.24.6.201
918,Filmer,Bramall,fbramallph@smugmug.com,Male,17.224.201.49
919,Tobi,Indge,tindgepi@apple.com,Female,73.106.232.9
920,Hatti,Molan,hmolanpj@economist.com,Non-binary,177.236.76.152
921,Lauren,Targe,ltargepk@t-online.de,Female,213.248.133.45
922,Krishna,Greeve,kgreevepl@usnews.com,Male,62.64.142.21
923,Hillary,Hungerford,hhungerfordpm@livejournal.com,Male,46.103.46.24
924,Dan,Wolfendale,dwolfendalepn@skype.com,Male,62.109.59.105
925,Jimmie,Pudge,jpudgepo@netlog.com,Male,238.241.88.165
926,Tomas,Robbert,trobbertpp@hc360.com,Male,23.248.95.179
927,Monti,Loveredge,mloveredgepq@guardian.co.uk,Male,153.212.236.151
928,Carolyne,Ramirez,cramirezpr@techcrunch.com,Female,61.2.158.221
929,Sissy,Szimon,sszimonps@studiopress.com,Female,200.76.179.228
930,Darlene,Lidgertwood,dlidgertwoodpt@liveinternet.ru,Female,245.139.230.43
931,Loretta,Romayn,lromaynpu@wired.com,Agender,50.105.231.127
932,Conrado,Kinchington,ckinchingtonpv@timesonline.co.uk,Male,131.82.10.71
933,Rabi,Philcott,rphilcottpw@buzzfeed.com,Male,62.42.153.244
934,Giuditta,Kasper,gkasperpx@wikipedia.org,Female,251.15.13.83
935,Rhetta,Hutson,rhutsonpy@webnode.com,Female,130.28.70.46
936,Ferrell,Tomisch,ftomischpz@va.gov,Male,63.65.51.99
937,Crosby,Delyth,cdelythq0@g.co,Male,205.55.200.189
938,Hurlee,Mordue,hmordueq1@live.com,Male,60.107.181.207
939,Jude,Stapels,jstapelsq2@comcast.net,Male,150.155.99.154
940,Waly,Sterzaker,wsterzakerq3@techcrunch.com,Bigender,85.224.121.41
941,Marnie,Bingham,mbinghamq4@google.ca,Female,38.88.8.162
942,Mitchell,Christene,mchristeneq5@cargocollective.com,Male,212.107.237.128
943,Terza,Mort,tmortq6@wikipedia.org,Female,183.222.148.71
944,Nevins,Leif,nleifq7@umich.edu,Genderfluid,63.129.62.198
945,Gardner,Gotthard.sf,ggotthardsfq8@jiathis.com,Male,96.176.13.242
946,Arleta,Sidden,asiddenq9@arizona.edu,Female,240.89.97.238
947,Krishna,Woodman,kwoodmanqa@newyorker.com,Male,145.68.192.34
948,Stacee,Shapcote,sshapcoteqb@quantcast.com,Male,92.9.204.136
949,Hymie,Matson,hmatsonqc@huffingtonpost.com,Bigender,138.95.125.88
950,Freddy,Ashdown,fashdownqd@yale.edu,Male,61.4.64.239
951,Jemima,Gudgion,jgudgionqe@liveinternet.ru,Female,220.207.142.112
952,Rolland,Yuranovev,ryuranovevqf@netscape.com,Male,11.224.155.235
953,Taddeusz,Crawley,tcrawleyqg@aol.com,Male,9.188.201.20
954,Griswold,Regenhardt,gregenhardtqh@washington.edu,Male,250.101.15.22
955,Cassy,Hearmon,chearmonqi@cbsnews.com,Female,101.60.176.71
956,Robert,Connikie,rconnikieqj@list-manage.com,Male,92.109.70.220
957,Robinson,Zorener,rzorenerqk@symantec.com,Male,154.154.160.168
958,Ayn,Dohms,adohmsql@cnbc.com,Female,251.241.219.184
959,Kristopher,Bland,kblandqm@icio.us,Male,204.207.218.203
960,Gan,Arnholdt,garnholdtqn@tripod.com,Male,190.204.97.244
961,Fabien,Duchesne,fduchesneqo@desdev.cn,Male,45.160.168.252
962,Dahlia,Colum,dcolumqp@etsy.com,Female,224.8.130.130
963,Arne,Evreux,aevreuxqq@xing.com,Agender,62.226.152.42
964,Hedwig,Keighly,hkeighlyqr@geocities.com,Female,95.73.210.43
965,Nadia,Daborne,ndaborneqs@google.nl,Female,241.12.226.237
966,Culley,Harty,chartyqt@biblegateway.com,Male,229.130.83.189
967,Tamera,Phelipeaux,tphelipeauxqu@furl.net,Female,197.87.184.10
968,Franni,Wolfers,fwolfersqv@nymag.com,Female,47.131.88.4
969,Mikey,Waywell,mwaywellqw@techcrunch.com,Male,73.226.208.224
970,Karina,Choak,kchoakqx@yellowbook.com,Female,73.183.126.139
971,Malina,Edyson,medysonqy@weebly.com,Female,30.139.204.80
972,Bradley,De Coursey,bdecourseyqz@un.org,Male,28.229.107.246
973,Randolph,Sundin,rsundinr0@nhs.uk,Male,192.72.34.4
974,Nanice,Aggio,naggior1@pen.io,Female,33.91.128.187
975,Kath,Wain,kwainr2@about.com,Female,108.7.36.55
976,Abbott,Nelm,anelmr3@deliciousdays.com,Male,145.192.20.87
977,Thorpe,Garrard,tgarrardr4@msu.edu,Male,101.11.47.227
978,Merrill,Hixson,mhixsonr5@wufoo.com,Female,176.93.213.7
979,Ellette,Scalia,escaliar6@fda.gov,Female,234.150.229.205
980,Zorana,Kinnier,zkinnierr7@nationalgeographic.com,Female,40.152.85.168
981,Cymbre,Biskupski,cbiskupskir8@storify.com,Female,62.0.221.113
982,Morey,Voase,mvoaser9@miitbeian.gov.cn,Male,129.99.118.126
983,Giusto,Gell,ggellra@macromedia.com,Male,103.175.145.35
984,Chadwick,Maypole,cmaypolerb@exblog.jp,Genderfluid,245.136.66.0
985,Constance,Froschauer,cfroschauerrc@elpais.com,Female,53.160.12.86
986,Paddy,Gorse,pgorserd@rambler.ru,Male,244.215.237.168
987,Tristan,Hugonin,thugoninre@alexa.com,Male,136.120.25.187
988,Holmes,Fairham,hfairhamrf@craigslist.org,Male,45.74.247.21
989,Christoper,Penhalurick,cpenhalurickrg@nyu.edu,Male,216.139.139.23
990,Prudy,Vereker,pverekerrh@github.com,Female,238.54.220.143
991,Reuben,Blanche,rblancheri@163.com,Male,23.143.159.75
992,Rainer,Southwick,rsouthwickrj@discovery.com,Male,3.229.124.229
993,Grenville,Burd,gburdrk@livejournal.com,Male,140.226.115.101
994,Kaela,Pheazey,kpheazeyrl@globo.com,Female,45.142.131.41
995,Calvin,Hallede,challederm@jugem.jp,Male,120.82.119.186
996,Lisette,Bignal,lbignalrn@people.com.cn,Female,133.255.18.24
997,Weider,McHenry,wmchenryro@marriott.com,Male,0.250.94.194
998,Jozef,Hamshere,jhamshererp@geocities.jp,Male,174.83.169.126
999,Marcus,Paulot,mpaulotrq@mozilla.org,Male,82.4.128.27
1000,Aguste,Marshal,amarshalrr@last.fm,Male,125.91.83.231
